{"cameraMode":{"drawMode":0,"name":"Shaded","section":"Shading Mode"},"sceneLighting":true,"audioPlay":false,"sceneViewState":{"showFog":true,"showMaterialUpdate":false,"showSkybox":true,"showFlares":true,"showImageEffects":true,"showParticleSystems":true},"in2DMode":false,"pivot":{"x":-46.49861145019531,"y":-9.392021179199219,"z":31.223114013671876},"rotation":{"x":-0.08306115865707398,"y":0.42153263092041018,"z":-0.03880997747182846,"w":-0.9021741151809692},"size":95.53346252441406,"orthographic":false}